latitude,longitude
25.39668716216216,80.09122435100272
23.234524999999998,75.72185226626819
23.234524999999998,72.7179089580132
25.9372277027027,86.91836823340041
26.47776824324324,93.1993406052063
24.85614662162162,81.72973888277816
27.288579054054054,81.72973888277816
27.288579054054054,78.72579557452318
21.072362837837836,78.99888132981908
14.04533581081081,79.271967085115
28.63993040540541,79.5450528404109
26.207497972972973,90.19539729695131
26.207497972972973,87.19145398869632
25.126416891891893,85.00676794632906
25.126416891891893,82.00282463807407
8.369660135135135,77.36036679804364
26.47776824324324,79.81813859570681
26.47776824324324,82.8220819039618
15.937227702702703,80.91048161689044
28.910200675675675,79.81813859570681
14.31560608108108,80.09122435100272
13.234525,77.90653830863545
15.666957432432433,77.90653830863545
27.55884932432432,77.63345255333955
18.099389864864865,77.90653830863545
26.748038513513514,80.63739586159454
19.450741216216215,72.7179089580132
28.09938986486486,78.45270981922727
26.207497972972973,92.38008333931857
14.856146621621622,78.99888132981908
17.288579054054054,78.99888132981908
25.9372277027027,84.73368219103315
18.639930405405405,73.81025197919683
21.34263310810811,82.00282463807407
29.72101148648649,79.5450528404109
26.207497972972973,82.00282463807407
26.207497972972973,85.00676794632906
25.126416891891893,82.8220819039618
27.55884932432432,79.81813859570681
17.558849324324324,76.81419528745182
26.748038513513514,91.83391182872676
12.96425472972973,80.09122435100272
41.07236283783784,17.008414877647954
17.829119594594594,80.09122435100272
23.50479527027027,89.9223115416554
22.693984459459458,72.44482320271729
16.748038513513514,77.90653830863545
26.47776824324324,85.82602521221679
26.207497972972973,77.63345255333955
19.180470945945945,77.90653830863545
26.748038513513514,78.45270981922727
26.748038513513514,81.45665312748226
29.18047094594595,78.45270981922727
22.153443918918917,81.72973888277816
25.666957432432433,86.91836823340041
23.50479527027027,79.5450528404109
14.04533581081081,79.81813859570681
27.01830878378378,78.72579557452318
27.01830878378378,84.73368219103315
27.01830878378378,81.72973888277816
28.369660135135135,79.5450528404109
24.85614662162162,85.00676794632906
23.775065540540538,79.81813859570681
12.69398445945946,77.63345255333955
26.47776824324324,91.01465456283904
26.47776824324324,94.01859787109403
17.558849324324324,77.63345255333955
14.04533581081081,80.09122435100272
28.63993040540541,77.36036679804364
29.991281756756756,78.17962406393136
24.045335810810812,80.63739586159454
26.47776824324324,80.63739586159454
25.39668716216216,81.45665312748226
27.829119594594594,78.45270981922727
18.369660135135135,78.72579557452318
20.261552027027026,75.44876651097228
24.31560608108108,83.91442492514543
24.85614662162162,93.1993406052063
25.666957432432433,81.72973888277816
25.666957432432433,84.73368219103315
25.9372277027027,92.92625484991039
17.558849324324324,82.8220819039618
21.072362837837836,82.00282463807407
22.42371418918919,82.8220819039618
11.342633108108107,77.63345255333955
17.288579054054054,76.81419528745182
26.47776824324324,91.83391182872676
25.9372277027027,82.54899614866589
25.39668716216216,86.6452824781045
12.69398445945946,80.09122435100272
27.288579054054054,77.36036679804364
27.288579054054054,80.36431010629863
26.207497972972973,78.17962406393136
26.207497972972973,85.82602521221679
26.748038513513514,92.10699758402266
14.585876351351352,78.72579557452318
27.55884932432432,80.63739586159454
26.47776824324324,81.45665312748226
17.018308783783784,78.72579557452318
26.47776824324324,78.45270981922727
24.85614662162162,66.98310809679913
18.369660135135135,79.5450528404109
24.31560608108108,78.72579557452318
24.585876351351352,92.92625484991039
25.9372277027027,87.73762549928814
25.9372277027027,90.74156880754313
25.9372277027027,93.74551211579812
24.85614662162162,85.55293945692088
8.639930405405405,76.81419528745182
11.072362837837836,76.81419528745182
28.09938986486486,77.08728104274773
22.153443918918917,82.54899614866589
26.207497972972973,91.01465456283904
23.50479527027027,80.36431010629863
27.01830878378378,82.54899614866589
16.477768243243244,80.63739586159454
28.369660135135135,77.36036679804364
27.288579054054054,78.17962406393136
12.69398445945946,77.90653830863545
11.612903378378379,75.72185226626819
29.72101148648649,78.17962406393136
10.802092567567566,78.72579557452318
23.775065540540538,80.63739586159454
26.207497972972973,80.63739586159454
25.126416891891893,81.45665312748226
27.55884932432432,78.45270981922727
27.55884932432432,81.45665312748226
17.018308783783784,79.5450528404109
26.748038513513514,84.46059643573724
19.991281756756756,75.44876651097228
26.748038513513514,90.46848305224722
12.42371418918919,79.81813859570681
14.856146621621622,79.81813859570681
25.9372277027027,85.55293945692088
25.39668716216216,82.27591039336998
18.099389864864865,74.35642348978865
8.639930405405405,77.63345255333955
27.829119594594594,79.271967085115
11.072362837837836,77.63345255333955
23.234524999999998,82.54899614866589
26.207497972972973,91.83391182872676
26.207497972972973,88.82996852047177
25.666957432432433,82.54899614866589
25.126416891891893,86.6452824781045
27.01830878378378,80.36431010629863
17.558849324324324,80.63739586159454
27.01830878378378,83.3682534145536
25.9372277027027,78.17962406393136
28.369660135135135,78.17962406393136
21.34263310810811,81.45665312748226
23.775065540540538,78.45270981922727
14.31560608108108,78.72579557452318
22.693984459459458,76.26802377686
26.207497972972973,81.45665312748226
26.47776824324324,92.65316909461448
25.39668716216216,87.46453974399223
18.099389864864865,79.5450528404109
27.288579054054054,81.18356737218635
26.748038513513514,85.27985370162497
28.63993040540541,78.99888132981908
26.748038513513514,92.92625484991039
25.666957432432433,87.73762549928814
24.045335810810812,79.271967085115
24.585876351351352,85.55293945692088
8.369660135135135,76.81419528745182
26.47776824324324,82.27591039336998
28.910200675675675,79.271967085115
21.88317364864865,82.54899614866589
19.721011486486486,75.17568075567637
23.234524999999998,77.36036679804364
23.234524999999998,80.36431010629863
12.69398445945946,78.45270981922727
21.072362837837836,72.9909947133091
25.9372277027027,91.56082607343086
15.126416891891893,78.45270981922727
27.01830878378378,78.17962406393136
17.558849324324324,78.45270981922727
29.450741216216215,78.17962406393136
21.34263310810811,76.26802377686
30.531822297297296,77.90653830863545
25.126416891891893,92.65316909461448
26.47776824324324,87.46453974399223
26.47776824324324,90.46848305224722
25.9372277027027,81.18356737218635
25.39668716216216,85.27985370162497
19.721011486486486,75.44876651097228
26.748038513513514,90.74156880754313
25.666957432432433,85.55293945692088
25.126416891891893,82.27591039336998
27.55884932432432,79.271967085115
8.369660135135135,77.63345255333955
17.018308783783784,80.36431010629863
15.937227702702703,78.17962406393136
28.910200675675675,77.08728104274773
19.450741216216215,77.36036679804364
10.261552027027026,76.26802377686
25.9372277027027,86.3721967228086
27.829119594594594,80.09122435100272
21.072362837837836,81.45665312748226
29.18047094594595,77.90653830863545
14.04533581081081,78.72579557452318
26.207497972972973,92.65316909461448
25.126416891891893,84.46059643573724
23.50479527027027,75.9949380215641
23.50479527027027,78.99888132981908
27.01830878378378,81.18356737218635
26.47776824324324,85.27985370162497
28.369660135135135,78.99888132981908
23.775065540540538,79.271967085115
13.234525,80.36431010629863
13.234525,77.36036679804364
26.207497972972973,82.27591039336998
15.666957432432433,80.36431010629863
17.018308783783784,78.17962406393136
28.63993040540541,76.81419528745182
9.991281756756756,78.45270981922727
28.09938986486486,80.91048161689044
14.856146621621622,78.45270981922727
17.288579054054054,78.45270981922727
26.47776824324324,80.09122435100272
28.910200675675675,80.09122435100272
27.829119594594594,77.90653830863545
26.748038513513514,75.72185226626819
30.26155202702703,77.90653830863545
24.85614662162162,92.65316909461448
22.153443918918917,75.9949380215641
26.207497972972973,90.46848305224722
26.207497972972973,87.46453974399223
25.126416891891893,85.27985370162497
15.126416891891893,79.271967085115
27.01830878378378,75.9949380215641
26.748038513513514,91.28774031813495
29.450741216216215,78.99888132981908
18.910200675675675,77.08728104274773
13.234525,78.17962406393136
16.748038513513514,77.36036679804364
25.39668716216216,83.0951676592577
25.39668716216216,86.09911096751269
19.180470945945945,77.36036679804364
26.748038513513514,80.91048161689044
19.450741216216215,72.9909947133091
28.63993040540541,77.63345255333955
9.991281756756756,76.26802377686
26.748038513513514,91.56082607343086
25.666957432432433,86.3721967228086
24.045335810810812,77.90653830863545
27.55884932432432,80.09122435100272
22.96425472972973,72.7179089580132
22.96425472972973,75.72185226626819
27.01830878378378,84.18751068044133
26.47776824324324,77.90653830863545
28.910200675675675,77.90653830863545
23.234524999999998,75.9949380215641
26.748038513513514,81.18356737218635
25.9372277027027,87.19145398869632
25.9372277027027,90.19539729695131
28.09938986486486,78.99888132981908
18.639930405405405,79.271967085115
27.288579054054054,82.00282463807407
21.072362837837836,79.271967085115
26.207497972972973,79.81813859570681
9.450741216216215,78.17962406393136
12.96425472972973,80.36431010629863
12.96425472972973,77.36036679804364
14.31560608108108,78.17962406393136
16.748038513513514,78.17962406393136
26.47776824324324,86.09911096751269
26.47776824324324,83.0951676592577
28.369660135135135,76.81419528745182
27.829119594594594,80.91048161689044
27.288579054054054,77.63345255333955
30.80209256756757,76.81419528745182
26.207497972972973,80.09122435100272
27.55884932432432,77.90653830863545
29.991281756756756,77.90653830863545
18.369660135135135,73.81025197919683
24.31560608108108,78.99888132981908
14.856146621621622,79.271967085115
25.9372277027027,82.00282463807407
25.9372277027027,85.00676794632906
26.47776824324324,91.28774031813495
18.639930405405405,74.08333773449274
27.288579054054054,79.81813859570681
14.04533581081081,77.36036679804364
25.126416891891893,83.0951676592577
17.558849324324324,80.09122435100272
26.47776824324324,80.91048161689044
16.477768243243244,77.90653830863545
28.369660135135135,77.63345255333955
9.721011486486486,76.26802377686
22.693984459459458,75.72185226626819
22.693984459459458,72.7179089580132
25.39668716216216,86.91836823340041
25.9372277027027,93.1993406052063
26.748038513513514,81.72973888277816
26.748038513513514,78.72579557452318
26.748038513513514,84.73368219103315
28.09938986486486,79.5450528404109
22.153443918918917,82.00282463807407
25.666957432432433,87.19145398869632
26.207497972972973,93.47242636050221
24.585876351351352,85.00676794632906
23.50479527027027,82.8220819039618
23.50479527027027,79.81813859570681
27.01830878378378,82.00282463807407
27.01830878378378,85.00676794632906
28.369660135135135,79.81813859570681
11.612903378378379,78.17962406393136
20.80209256756757,76.81419528745182
23.234524999999998,76.81419528745182
26.207497972972973,86.09911096751269
27.01830878378378,77.63345255333955
27.55884932432432,80.91048161689044
29.450741216216215,77.63345255333955
23.50479527027027,80.09122435100272
26.47776824324324,86.91836823340041
25.39668716216216,81.72973888277816
25.39668716216216,84.73368219103315
24.31560608108108,79.5450528404109
27.829119594594594,78.72579557452318
8.639930405405405,77.08728104274773
11.072362837837836,77.08728104274773
29.18047094594595,79.5450528404109
25.666957432432433,85.00676794632906
25.666957432432433,82.00282463807407
26.207497972972973,91.28774031813495
8.910200675675675,77.36036679804364
16.477768243243244,80.91048161689044
21.88317364864865,76.81419528745182
12.42371418918919,80.09122435100272
14.856146621621622,80.09122435100272
23.234524999999998,77.63345255333955
17.288579054054054,80.09122435100272
16.207497972972973,77.90653830863545
25.9372277027027,85.82602521221679
26.47776824324324,92.10699758402266
28.09938986486486,77.63345255333955
27.288579054054054,80.63739586159454
26.207497972972973,78.45270981922727
22.42371418918919,75.72185226626819
12.96425472972973,78.99888132981908
26.748038513513514,92.38008333931857
21.612903378378377,81.72973888277816
25.126416891891893,86.91836823340041
24.045335810810812,78.72579557452318
26.47776824324324,81.72973888277816
26.47776824324324,84.73368219103315
15.937227702702703,79.81813859570681
28.910200675675675,78.72579557452318
27.829119594594594,79.5450528404109
21.88317364864865,82.00282463807407
25.39668716216216,87.19145398869632
23.234524999999998,79.81813859570681
26.748038513513514,85.00676794632906
25.666957432432433,79.81813859570681
25.9372277027027,91.01465456283904
14.585876351351352,77.63345255333955
20.531822297297296,76.81419528745182
9.991281756756756,77.90653830863545
28.09938986486486,77.36036679804364
11.342633108108107,75.72185226626819
23.234524999999998,72.44482320271729
17.288579054054054,77.90653830863545
27.288579054054054,81.45665312748226
27.288579054054054,78.45270981922727
14.04533581081081,78.99888132981908
26.207497972972973,83.91442492514543
25.126416891891893,84.73368219103315
25.126416891891893,81.72973888277816
24.045335810810812,79.5450528404109
14.585876351351352,79.81813859570681
27.01830878378378,75.44876651097228
8.369660135135135,77.08728104274773
27.55884932432432,78.72579557452318
26.47776824324324,79.5450528404109
28.910200675675675,79.5450528404109
13.234525,77.63345255333955
18.099389864864865,77.63345255333955
26.748038513513514,80.36431010629863
26.748038513513514,83.3682534145536
11.072362837837836,77.90653830863545
14.585876351351352,80.09122435100272
28.09938986486486,78.17962406393136
13.50479527027027,77.90653830863545
25.666957432432433,85.82602521221679
26.207497972972973,92.10699758402266
23.50479527027027,78.45270981922727
27.01830878378378,80.63739586159454
16.477768243243244,78.72579557452318
17.829119594594594,79.5450528404109
21.34263310810811,81.72973888277816
23.775065540540538,78.72579557452318
13.234525,79.81813859570681
26.207497972972973,84.73368219103315
26.47776824324324,92.92625484991039
26.207497972972973,78.72579557452318
25.39668716216216,87.73762549928814
18.099389864864865,79.81813859570681
26.748038513513514,85.55293945692088
28.63993040540541,79.271967085115
16.748038513513514,77.63345255333955
26.47776824324324,82.54899614866589
19.180470945945945,77.63345255333955
13.234525,80.09122435100272
27.829119594594594,77.36036679804364
27.829119594594594,80.36431010629863
26.748038513513514,78.17962406393136
29.18047094594595,78.17962406393136
26.748038513513514,85.82602521221679
12.69398445945946,78.72579557452318
25.666957432432433,83.64133916984952
27.01830878378378,78.45270981922727
17.558849324324324,78.72579557452318
27.01830878378378,81.45665312748226
16.477768243243244,79.5450528404109
29.450741216216215,78.45270981922727
24.85614662162162,84.73368219103315
23.775065540540538,79.5450528404109
26.748038513513514,75.44876651097228
16.748038513513514,79.81813859570681
26.47776824324324,90.74156880754313
25.39668716216216,85.55293945692088
10.531822297297296,77.63345255333955
28.63993040540541,77.08728104274773
12.96425472972973,77.63345255333955
26.748038513513514,91.01465456283904
25.126416891891893,82.54899614866589
24.045335810810812,80.36431010629863
17.829119594594594,77.63345255333955
26.47776824324324,80.36431010629863
28.910200675675675,77.36036679804364
27.829119594594594,78.17962406393136
18.369660135135135,78.45270981922727
30.26155202702703,78.17962406393136
25.39668716216216,85.82602521221679
12.69398445945946,79.5450528404109
25.666957432432433,78.45270981922727
25.9372277027027,92.65316909461448
15.126416891891893,79.5450528404109
27.01830878378378,76.26802377686
17.558849324324324,79.5450528404109
21.072362837837836,81.72973888277816
26.207497972972973,85.27985370162497
20.531822297297296,75.44876651097228
12.96425472972973,79.81813859570681
26.207497972972973,92.92625484991039
23.50479527027027,79.271967085115
26.47776824324324,85.55293945692088
28.369660135135135,79.271967085115
26.207497972972973,82.54899614866589
25.666957432432433,86.6452824781045
27.55884932432432,77.36036679804364
27.55884932432432,80.36431010629863
26.47776824324324,78.17962406393136
17.018308783783784,78.45270981922727
21.88317364864865,81.45665312748226
20.80209256756757,76.26802377686
14.856146621621622,78.72579557452318
24.585876351351352,92.65316909461448
17.288579054054054,78.72579557452318
25.9372277027027,87.46453974399223
25.9372277027027,90.46848305224722
24.85614662162162,85.27985370162497
27.829119594594594,81.18356737218635
26.748038513513514,78.99888132981908
26.748038513513514,75.9949380215641
24.85614662162162,92.92625484991039
29.18047094594595,78.99888132981908
22.153443918918917,82.27591039336998
26.207497972972973,90.74156880754313
26.207497972972973,93.74551211579812
24.585876351351352,39.674532567208324
25.126416891891893,85.55293945692088
21.072362837837836,77.08728104274773
26.207497972972973,87.73762549928814
8.910200675675675,76.81419528745182
27.01830878378378,82.27591039336998
16.477768243243244,80.36431010629863
28.369660135135135,77.08728104274773
22.42371418918919,82.54899614866589
17.829119594594594,78.17962406393136
23.775065540540538,80.36431010629863
19.180470945945945,72.9909947133091
26.207497972972973,80.36431010629863
26.207497972972973,83.3682534145536
26.47776824324324,91.56082607343086
25.126416891891893,78.17962406393136
27.55884932432432,78.17962406393136
27.288579054054054,80.09122435100272
18.099389864864865,78.45270981922727
27.55884932432432,75.17568075567637
28.63993040540541,77.90653830863545
14.856146621621622,79.5450528404109
24.585876351351352,84.46059643573724
22.96425472972973,75.9949380215641
26.47776824324324,81.18356737218635
27.01830878378378,84.46059643573724
25.9372277027027,85.27985370162497
19.180470945945945,73.26408046860502
27.829119594594594,78.99888132981908
12.69398445945946,77.36036679804364
26.207497972972973,85.55293945692088
25.666957432432433,82.27591039336998
28.09938986486486,79.271967085115
16.477768243243244,78.17962406393136
23.775065540540538,78.17962406393136
14.31560608108108,78.45270981922727
25.9372277027027,80.09122435100272
19.180470945945945,78.45270981922727
27.288579054054054,77.90653830863545
29.72101148648649,77.90653830863545
23.234524999999998,87.46453974399223
13.50479527027027,79.5450528404109
26.748038513513514,92.65316909461448
25.666957432432433,87.46453974399223
24.045335810810812,78.99888132981908
14.585876351351352,79.271967085115
24.585876351351352,85.27985370162497
27.55884932432432,81.18356737218635
17.018308783783784,79.271967085115
28.910200675675675,78.99888132981908
18.369660135135135,74.08333773449274
21.88317364864865,82.27591039336998
20.80209256756757,77.08728104274773
23.234524999999998,77.08728104274773
26.748038513513514,82.27591039336998
16.207497972972973,80.36431010629863
17.558849324324324,78.17962406393136
26.207497972972973,80.91048161689044
19.991281756756756,75.17568075567637
26.207497972972973,91.56082607343086
30.531822297297296,77.63345255333955
15.396687162162163,78.45270981922727
23.50479527027027,77.90653830863545
27.01830878378378,80.09122435100272
27.288579054054054,75.72185226626819
17.829119594594594,78.99888132981908
21.34263310810811,81.18356737218635
28.63993040540541,70.53322291564594
22.693984459459458,75.9949380215641
26.207497972972973,81.18356737218635
25.666957432432433,85.27985370162497
15.666957432432433,79.271967085115
25.9372277027027,93.47242636050221
27.55884932432432,78.99888132981908
26.748038513513514,82.00282463807407
28.09938986486486,79.81813859570681
17.288579054054054,77.36036679804364
25.9372277027027,86.09911096751269
18.639930405405405,78.17962406393136
26.748038513513514,77.63345255333955
27.288579054054054,80.91048161689044
29.18047094594595,77.63345255333955
10.531822297297296,76.26802377686
20.261552027027026,84.18751068044133
23.234524999999998,80.09122435100272
26.207497972972973,86.3721967228086
24.585876351351352,74.90259500038046
28.09938986486486,80.09122435100272
27.01830878378378,77.90653830863545
26.748038513513514,93.1993406052063
16.477768243243244,78.99888132981908
10.802092567567566,77.08728104274773
23.234524999999998,69.71396564975821
23.775065540540538,78.99888132981908
26.47776824324324,87.19145398869632
25.39668716216216,85.00676794632906
25.39668716216216,82.00282463807407
25.9372277027027,91.28774031813495
26.748038513513514,79.81813859570681
26.748038513513514,82.8220819039618
20.531822297297296,77.08728104274773
11.072362837837836,77.36036679804364
9.991281756756756,78.17962406393136
15.937227702702703,80.36431010629863
17.018308783783784,80.09122435100272
28.910200675675675,76.81419528745182
27.829119594594594,77.63345255333955
23.234524999999998,77.90653830863545
26.748038513513514,80.09122435100272
16.207497972972973,81.18356737218635
26.47776824324324,92.38008333931857
28.09938986486486,77.90653830863545
27.01830878378378,75.72185226626819
17.558849324324324,78.99888132981908
18.910200675675675,73.81025197919683
12.96425472972973,79.271967085115
25.126416891891893,87.19145398869632
17.829119594594594,79.271967085115
26.47776824324324,82.00282463807407
26.47776824324324,85.00676794632906
25.39668716216216,82.8220819039618
27.829119594594594,79.81813859570681
25.666957432432433,86.09911096751269
24.585876351351352,80.91048161689044
22.96425472972973,72.44482320271729
27.01830878378378,80.91048161689044
26.47776824324324,77.63345255333955
28.910200675675675,77.63345255333955
22.96425472972973,80.09122435100272
